Date,Title,MSKU,Quantity
2025-01-26,Fusked Axolotl Plush Toy Stuffed Animal Pillow Toy Doll Halloween Axolotl Cuddle Buddy Plush Pillow Edition Cotten Pillow for Kids (Blue),CSTE_0322_ST_Axolotl_Blue,1
2025-01-26,Goku  dragonBall Z Anime Action Figure (Size 30Cm) || Premium  Ball Goku Toys || Goku Super Saiyyan Action Figure|| Rare Antique Merchandise/Statue (Goku Big (Size 30Cm)),goku action figure01,1
2025-01-26,"Rudrav (Pack of 3 Refillable Travel Bottles for Toiletries Silicone Container for Cream, Shampoo Hand Wash, Lotion Storage Bottle Travel Accessories Leak Proof (60 ML)",CSTE_O0390_OT_Toiletry_Bottles,2
2025-01-26,"Rudrav Harry Potter Music Box, Wooden Classic Music Box with Hand Crank Birthday Gifts for Girls Boys Diwali Gifts for Kids Friends Family",32546987,1
2025-01-27,"CAAJU Titanic Mb, Music Box Titanic Heart Will Go On Tune Titanic Theme Music Box For Love Gift For Girl Friend Friends Wife Hand Crank Musical Boxes Wooden, Kid",MB_Titanic_Brown_fba,1
2025-01-27,"Caaju Foldable Steel Storage Cubes Organizer with Handles Frame Collapsible Clothes Organizer Storage Box for Wardrobe,Toys,Books and Blankets Storage Box with Handles (Green, Pack of 2)",Storage_Box_Green_2,1
2025-01-27,Caaju Money Heist Music Box - Hand Cranked Collectable Wooden Engraved Musical Box with Bella Ciao Theme Music Tune,7T-TK3O-AIHG,1
2025-01-27,Caaju Wooden Hand cranked collectable Engraved Music Box (Twinkle Twinkle),twinkle_FBA,1
2025-01-27,Dragon Fly Sunglass - Rimless Frameless Butterfly Sun glasses Unisex Vintage Eyewear,CSTE_0213_SG_ButterFly_Black,1
2025-01-27,Fire style Glasses Sun Glasses Stylish and Trendy party glasses Multicolor | Fire Flame Sunglasses Flame Rimless Sunglasses Rimless Wave Glasses Fire Shape Glasses Eyewear,SG_FireGlass_MercuryPink,1
2025-01-27,Fusked Axolotl Plush Toy Stuffed Animal Pillow Toy Doll Halloween Axolotl Cuddle Buddy Plush Pillow Edition Cotten Pillow for Kids (Blue),CSTE_0322_ST_Axolotl_Blue,1
2025-01-27,"Fusked Dragon Fly Sunglass cool Sunglass, Rimless Frameless Butterfly Sunglasses Unisex Vintage Eyewear (light Green Pink)",CSTE_0251_SG_ButterFly_LightgreenPink,1
2025-01-27,"Fusked Dumbledore Light Wand Toy For Kids Gift Harrypotter Accesssories Cosplay Magic Wand Stick(Limited Edition 2024), Multicolor",CSTE_0333_Wands_Dumbledore_Light,2
2025-01-27,"Fusked Dumbledore Light Wand Toy For Kids Gift With Sunglass Harrypotter Accesssories Cosplay Combo Magic Wand Stick(Limited Edition 2024), Multicolor",CSTE_0358_Wands_Dumbledore_light_Sg,1
2025-01-27,"Fusked Fluffies Hello Kitty Plush Soft Toy for Newborn Baby - Cute Hello Kitty Stuff Toys for Kids (12 Month to 1.5 Year) - Safe, and Washable",hello kitty,1
2025-01-27,Fusked Flufies 20 cm Minecraft Zombie Plush Toys for Collectors - Kids Room Decor and Halloween Decor for Video Game Fans- Washable for Girls and Boys for Birthday,Minecraft_Zombie,1
2025-01-27,Fusked Flufies Angry Lucifer Cat Toys for Kids  - 30 cm NA Medium,CSTE_0546_ST_Animal_Lucifer_Cat_Black,1
2025-01-27,Fusked Flufies Blox Fruits Plush Soft Toy for Kids and Collectors - Video Game Soft Pillow for Cute Home Decor and Gift - Washable and Safe Material Stuffed Toy,CSTE_0490_ST_Fruit_Blox_Shadow,4
2025-01-27,Fusked Flufies Blox Fruits Plush Soft Toy for Kids and Collectors - Video Game Soft Pillow for Cute Home Decor and Gift - Washable and Safe Material Stuffed Toy,CSTE_0491_ST_Fruit_Blox_Spirit,3
2025-01-27,Fusked Flufies Breathing Otter Soft Toys for Baby Girl and Boy - 25cm Sensory Toys and Musical Toys for Kids - Sleeping Teddy Bear with Breathing - Baby Gifts Newborn - Baby Toy Cuddle Pillow,Breathing_Otter_Blue,3
2025-01-27,Fusked Flufies Breathing Teddy Soft Toys for Baby Girl and Boy - 25 cm Sensory Toys and Musical Toys for Kids - Sleeping Teddy Bear with Breathing - Baby Gifts Cuddle Pillow (Breathing Pink Lamb),CSTE_0535_ST_Animal_Breathing_lamb_P_2,1
2025-01-27,Fusked Flufies Breathing Teddy Soft Toys for Baby Girl and Boy - 25 cm Sensory Toys and Musical Toys for Kids - Sleeping Teddy Bear with Breathing - Baby Gifts Cuddle Pillow (Breathing Stitch Blue),Breathing_Lilo_Stich_Blue,2
2025-01-27,Fusked Flufies Cinnamoroll Dressed as Love a Lot Bear Plush Soft Toys - White Dog Toy as a Teddy Bear for Girls and Boys - Kawaii Stuff Doll for Kids Birthday - Anime Gifts for Fans and Collectors,love a lot bear,1
2025-01-27,Fusked Flufies Garfield Soft Toy - Soft and Washable Baby Toy - Toys for 1 Year Old Girl and Baby Boy - Kawaii Plushies Soft Toys for Home Decor - Cute Stuff Toy for Birthday Girl and Boy,Garfield,1
2025-01-27,"Fusked Flufies Kirby Plush Soft Toy for New Born Babies - Snuggly Big Plush Toy for Girl and Boy (12 Months to 1.5 Years) - Multicolor, Safe and Washable Stuffed Toy",AZ-2LJY-FLVA,1
2025-01-27,Fusked Flufies Reversible Yoda Plush Stuff Toys for Kids - Show Your Mood with Star Wars Baby Yoda Soft Toy - Washable and Safe Baby Doll for Birthday Gift,Reversible_Yodaa,1
2025-01-27,Fusked Handcrafted Wooden Music Box Harry Potter (Black) NA,F_ay hp M box black,1
2025-01-27,"Fusked Harry Potter Light Wand Toy For Kids Gift Harrypotter Accesssories Cosplay Magic Wands Stick(Limited Edition 2024),Multicolor",CSTE_0330_Wands_Harrypotter_Light,1
2025-01-27,"Fusked Harry Potter Light Wand Toy For Kids Gift With Sunglass Harrypotter Accesssories Cosplay Combo Magic Wand Stick(Limited Edition 2024),Multicolor",CSTE_0355_Wands_HP_light_Sg,3
2025-01-27,Fusked Harry Potter Sunglass Shades of Magic Wizard's Shade Spectacles Harry Potter-themed eyewear Wizarding fashion eyewear,Haary_Round_SG,6
2025-01-27,"Fusked Hermoine Light Wand Toy For Kids Gift With Sunglass Harrypotter Accesssories Cosplay Combo Magic Wand Stick(Limited Edition 2024),Multicolor",Hermoine_light_SG,2
2025-01-27,"Fusked Hermoine Wand Magic Wands Harry Potter Accessories Gift Toys Cosplay Dress Accessories For Kids(Limited Edition 2024),Multicolor",CSTE_0291_OT_Hermoine_wand,1
2025-01-27,"Fusked Hermoine Wand Magic Wands Harry Potter Accessories With Sunglass Gift Toys Cosplay Dress Combo For Kids(Limited Edition 2024),Black",CSTE_0341_Wands_Hermoine_Sunglasas,1
2025-01-27,Fusked Kalimba Thumb 8 Keys Piano Sabrina small Musical Instrument with Engraved Notes Piano Lid,sabrina_8note_kalimba,1
2025-01-27,"Fusked Minecraft Diamond Foam Sword Toy for Kids, Ideal for Cosplay, Role Playing,23 CM Maces & Swords Multicolor",CSTE_0470_ST_Minecraft_Sword_Small,3
2025-01-27,"Fusked Premium Minecraft Diamond Foam Sword Small Toy for Kids Durable, Ideal for Cosplay, Role Playing, Halloween Costumes, and Room Decor 23 CM",minecraft_Sward_Small,3
2025-01-27,"Fusked Premium Minecraft Diamond Foam Sword Small Toy for Kids Durable, Ideal for Cosplay, Role Playing, Halloween Costumes, and Room Decor 45 CM",minecraft_Sward_Big,1
2025-01-27,"Fusked Snape Wand Magic Wands Harry Potter Accessories With Sunglass Gift Toys Cosplay Dress Combo For Kids(Limited Edition 2024), Multicolor",CSTE_0345_Wands_Snape_Sunglasas,1
2025-01-27,Fusked Van Plush Pillow - Cute Korean Kpop Merch for Girls (Grey White),ST-Van- bts-white grey_FBA,1
2025-01-27,Fusked Voldemort Light Wand Toy For Kids Gift Harrypotter Accesssories Cosplay Magic Wand Stick (Limited Edition 2024) - Multicolor,CSTE_0332_Wands_Lord Voldmort_Light,1
2025-01-27,"Fusked Voldemort Light Wand Toy For Kids Gift With Sunglass Harrypotter Accesssories Cosplay Combo Magic Wand Stick(Limited Edition 2024), Multicolor",CSTE_0357_Wands_Voldemort_Light_Sg,1
2025-01-27,Fusked Wayfarer Sunglasses STANDARD WING SHAPE SUNGLASSES,WING_RED_SG,1
2025-01-27,"Fusked Wooden Hand Cranked Collectable Engraved Music Box - Harry Potter, Black (Multicolor) wooden musical box",f_ay hp M box black,4
2025-01-27,RUDRAV Blox Fruits Plush Soft Toy for Kids and Collectors - Video Game Soft Pillow for Cute Home Decor and Gift - Washable and Safe Material Stuffed Toy,CSTE_0490_ST_Fruit_Blox_Shadow,1
2025-01-27,"Rudrav (Pack of 3 Refillable Travel Bottles for Toiletries Silicone Container for Cream, Shampoo Hand Wash, Lotion Storage Bottle Travel Accessories Leak Proof (60 ML)",CSTE_O0390_OT_Toiletry_Bottles,12
2025-01-27,"Rudrav 66litre Clothes Storage Box Foldable Steel Frame Clothes Organizer Storage Box for Wardrobe, Saree, Shirts, and Blankets (Large, Blue)",CSTE_0417_Organizer_StorageBox_SkyBlue,1
2025-01-27,Rudrav Garfield Soft Plush Toy for Kids Cuddly Stuffed Animal with Cute Design Ideal Gift for Toddlers & Babies Safe & Washable Material,CSTE_0454_ST_Animal_Garfield_Orange,1
2025-01-27,"Rudrav Harry Potter Music Box, Wooden Classic Music Box with Hand Crank Birthday Gifts for Girls Boys Diwali Gifts for Kids Friends Family",32546987,2
2025-01-27,"SK Craft Solar Ganesha Statue for Car, Home and Office | Ganpati Bappa | Solar Lord Ganesh ji Moving Hands with Free Lamp Keychain",Solar_ganesha_Map,1
2025-01-27,"VAAMnational Classic Vintage Black Edition Wooden ""YOU ARE MY SUNSHINE"" theme song Cranked Collectable Engraved Music Box YOU ARE MY SUNSHINE Beige",Music Box/11,5
2025-01-27,"Xexy Purple Fairy Dragon Fly Sunglass, Rimless Frameless Butterfly Cool glasses In Blue & Purple Unisex Vintage Fun Eyewear",CSTE_0242_SG_ButterFly_Purple,1
2025-01-27,brotherz wooden music box happy birthday instrument Black,Map_Musicbox_Black_HBD,2
2025-01-27,caaju Retro Square Sunglasses 12 Thug Life Sunglasses Pixel Gangster Gangsta Life Funny Novelty Shades (Black-Big),CJ-Thug Life Sunglasses Pixel Gangster,1
2025-01-27,caaju wooden music box happy birthday instrument- Multi color NA Multicolor,eitheo_HBD,1
2025-01-28, Fire style Glasses Sun Glasses Stylish and Trendy party glasses Multicolor | Fire Flame Sunglasses Flame Rimless Sunglasses Rimless Wave Glasses Fire Shape Glasses Eyewear,SG_FireGlass_Green,1
2025-01-28,ATIMUNA Harry Potter Brown Wooden Music Box na,Map_HP_Brown,1
2025-01-28,Caaju 7 Set Travel Organizer Packing Cubes Lightweight Travel Luggage Organizers Bag 3 Packing Cubes + 3 Pouches + 1 Toiletry Organizer Bag (Blue),CJ_Travel_Org_Kit_LightBlue,1
2025-01-28,Caaju Beatles Music Box Hand Crank Musical Box Beatles theme Carved Wooden Music Boxes Gift for Kids friends family musicalbox The Beatles Rock band Musicbox,31-BMMI-FJWV,1
2025-01-28,"Caaju Foldable Steel Frame Clothes Organizer Storage Box for Wardrobe, Saree, Shirts, and Blankets (26 Litre - Pack of 1, Off-White) (Blue)",Caaju_26Lstoragebox_blue,1
2025-01-28,"Caaju Foldable Steel Frame Clothes Organizer Storage Box for Wardrobe, Saree, Shirts, and Blankets (26 Litre - Pack of 1, Off-White) (Grey)",Caaju_26Lstoragebox_grey,1
2025-01-28,Caaju Kid Happy Birthday Music Box Happy Birthday Merchandise Wooden Box Girl/Boy Birthday Gift Music Box(Red),1E-TWV2-4FQF,1
2025-01-28,Dragon Fly Sunglass - Rimless Frameless Butterfly Sun glasses Unisex Vintage Eyewear,CSTE_0213_SG_ButterFly_Black,1
2025-01-28,"Dragon Fly Sunglass cool Sunglass, Rimless Frameless Butterfly Sun glasses Unisex Vintage Eyewear (Green)",greenbutterful_glasses_fba,1
2025-01-28,FUSKED Flufies Sand Filled Rubber Squishy Toy for Kids - Soft Ball for Kids and Stress Relief Toys Adults - Squeeze Ball Toys for Kids - Cat Kawaii Stuff Miniature Toys,CSTE_O0445_OT_Glue_Sand_Rubber_Monkey,1
2025-01-28,FUSKED Flufies Sand Filled Rubber Squishy Toy for Kids - Soft Ball for Kids and Stress Relief Toys Adults - Squeeze Ball Toys for Kids - Cat Kawaii Stuff Miniature Toys,CSTE_O0446_OT_Glue_Sand_Rubber_Pig,1
2025-01-28,FUSKED Kalimba Thumb Piano for Beginners - Professional Music instrument with Engraved Notes (21 Notes Kalimba Brown),CSTE_0301_MB_Mahogany_21Notes_Brown,1
2025-01-28,Fusked Breathing Otter with Sensory Details with Rhythmic Breathing and Soothing Music  - 30 cm Pink Medium,Breathing_Otter_Pink,1
2025-01-28,Fusked Breathing Ottert with Sensory Details with Rhythmic Breathing and Soothing Music  - 30 cm Otter Brown Medium,CSTE_0486_ST_Anim_Breathing_Otter_Brown,1
2025-01-28,Fusked Butterfly Sunglasses STANDARD,CSTE_0149_SG_ButterFly_Pink,1
2025-01-28,"Fusked Dumbledore Light Wand Toy For Kids Gift Harrypotter Accesssories Cosplay Magic Wand Stick(Limited Edition 2024), Multicolor",CSTE_0333_Wands_Dumbledore_Light,1
2025-01-28,"Fusked Dumbledore Light Wand Toy For Kids Gift With Musicbox Harrypotter Accesssories Cosplay Combo Magic Wand Stick With Musical Box Combo(Limited Edition 2024), Multicolor",CSTE_0353_Wands_DumbleD_light_MB,1
2025-01-28,Fusked Flufies Blox Fruits Plush Soft Toy for Kids - Soft Pillow for Home Decor  - 13 cm Fruit Blox Light Light Medium,CSTE_0489_ST_Fruit_Blox_Light,1
2025-01-28,Fusked Flufies Blox Fruits Plush Soft Toy for Kids - Soft Pillow for Home Decor  - 13 cm Fruit Blox Light Spirit Medium,CSTE_0491_ST_Fruit_Blox_Spirit,2
2025-01-28,Fusked Flufies Blox Fruits Plush Soft Toy for Kids - Soft Pillow for Home Decor  - 13 cm Fruit Blox Shadow Shadow Medium,CSTE_0490_ST_Fruit_Blox_Shadow,1
2025-01-28,Fusked Flufies Blox Fruits Plush Soft Toy for Kids and Collectors - Video Game Soft Pillow for Cute Home Decor and Gift - Washable and Safe Material Stuffed Toy,CSTE_0489_ST_Fruit_Blox_Light,4
2025-01-28,Fusked Flufies Blox Fruits Plush Soft Toy for Kids and Collectors - Video Game Soft Pillow for Cute Home Decor and Gift - Washable and Safe Material Stuffed Toy,CSTE_0490_ST_Fruit_Blox_Shadow,2
2025-01-28,Fusked Flufies Blox Fruits Plush Soft Toy for Kids and Collectors - Video Game Soft Pillow for Cute Home Decor and Gift - Washable and Safe Material Stuffed Toy,CSTE_0491_ST_Fruit_Blox_Spirit,1
2025-01-28,Fusked Flufies Breathing Koala Soft Toys for Baby Girl and Boy - 25 cm Sensory Toys and Musical Toys for Kids - Sleeping Teddy Bear with Breathing - Baby Gifts Cuddle Pillow (Breathing Koala Grey),CSTE_0533_ST_Animal_Breathing_koala_Grey,2
2025-01-28,Fusked Flufies Breathing Otter Soft Toys for Baby Girl and Boy - 25cm Sensory Toys and Musical Toys for Kids - Sleeping Teddy Bear with Breathing - Baby Gifts Newborn - Baby Toy Cuddle Pillow,Breathing_Otter_Blue,1
2025-01-28,"Fusked Flufies Breathing Stitch Plush - Breathing Teddy with Realistic Breathing Motion  - 30 cm Stitch, Koala Blue Medium",CSTE_0488_ST_Anim_Breathing_Stitch_Blue,1
2025-01-28,Fusked Flufies Breathing Teddy Soft Toys for Baby Girl and Boy - 25 cm Sensory Toys and Musical Toys for Kids - Sleeping Teddy Bear with Breathing - Baby Gifts Cuddle Pillow (Breathing Pink Lamb),CSTE_0535_ST_Animal_Breathing_lamb_P_2,1
2025-01-28,Fusked Flufies Breathing Teddy Soft Toys for Baby Girl and Boy - 25 cm Sensory Toys and Musical Toys for Kids - Sleeping Teddy Bear with Breathing - Baby Gifts Cuddle Pillow (Breathing Pink Otter),Breathing_Otter_Pink_1,1
2025-01-28,Fusked Flufies Breathing Teddy Soft Toys for Baby Girl and Boy - 25 cm Sensory Toys and Musical Toys for Kids - Sleeping Teddy Bear with Breathing - Baby Gifts Cuddle Pillow (Breathing Pink Stitch),CSTE_0540_ST_Animal_Breathing_Stich_P_2,1
2025-01-28,Fusked Flufies Breathing Teddy Soft Toys for Baby Girl and Boy - 25 cm Sensory Toys and Musical Toys for Kids - Sleeping Teddy Bear with Breathing - Baby Gifts Cuddle Pillow (Breathing Stitch Blue),Breathing_Lilo_Stich_Blue,2
2025-01-28,Fusked Flufies Breathing Teddy with Sensory Details with Rhythmic Breathing  - 30 cm Otter Breathing Koala Medium,CSTE_0533_ST_Animal_Breathing_Koala_Grey,1
2025-01-28,Fusked Flufies Flower Duck Soft Toys for Kids - Soft and Safe Wash Baby Toy - Stuffed Toys for Girls and Boys Birthday Decoration and Home Decoration - Kids Soft Toys for New Born Baby,CSTE_0519_ST_Animal_Sitting_Duck_Flower,1
2025-01-28,Fusked Flufies Kuromi Plush Soft Toys for Kids Girls and Boys - Cute Rabbit Baby Toy for Room Decor - Washable and Safe Stuffed Animal for Birthday Gift and Collection,CSTE_0482_ST_Animal_Kitty_Kuromi_Black,2
2025-01-28,Fusked Flufies Llama Plush Toys for Collectors - Kids Room Decor and Halloween Decor for Video Game Fans- Washable Stuffed Animals for Girls and Boys for Birthday,minecraft_Lama,1
2025-01-28,Fusked Flufies Minecraft Sword and Pickaxe for Room Decor and Halloween Decor - Foam Minecraft Pickaxe for Kids and Collectors - Diamond Netherite Toy for Birthday and Role Play (Pickaxe and Sword),CSTE_0502_ST_Minecraft_Pickaxe_Foam,2
2025-01-28,Fusked Handcrafted Wooden Music Box Harry Potter (Black) NA,F_ay hp M box black,1
2025-01-28,Fusked Harry Potter Dumbledore Magic Wand with Harry Potter Wooden Music Box for Kids Multicolor,Dumbledore_wand_musicbox,1
2025-01-28,"Fusked Harry Potter Light Wand Toy For Kids Gift Harrypotter Accesssories Cosplay Magic Wands Stick(Limited Edition 2024),Multicolor",CSTE_0330_Wands_Harrypotter_Light,1
2025-01-28,Fusked Harry Potter Sunglass Shades of Magic Wizard's Shade Spectacles Harry Potter-themed eyewear Wizarding fashion eyewear,Haary_Round_SG,2
2025-01-28,"Fusked Minecraft Diamond Foam Sword Toy for Kids, Ideal for Cosplay, Role Playing,23 CM Maces & Swords Multicolor",CSTE_0470_ST_Minecraft_Sword_Small,1
2025-01-28,"Fusked Premium Minecraft Diamond Foam Sword Small Toy for Kids Durable, Ideal for Cosplay, Role Playing, Halloween Costumes, and Room Decor 23 CM",minecraft_Sward_Small,1
2025-01-28,"Fusked Premium Minecraft Diamond Foam Sword Small Toy for Kids Durable, Ideal for Cosplay, Role Playing, Halloween Costumes, and Room Decor 45 CM",minecraft_Sward_Big,4
2025-01-28,"Fusked Snape Wand Magic Wands Harry Potter Accessories Gift Toys Cosplay Dress Accessories For Kids(Limited Edition 2024),Multicolor",CSTE_0295_OT_Snape_wand,2
2025-01-28,Fusked Thug Life Sunglasses Pixelated Mosaic Glasses Party Glasses MLG Shades (12 Pixels) Made in India (SINGLE),FUSKED-TLSG,1
2025-01-28,Fusked Voldemort Light Wand Toy For Kids Gift Harrypotter Accesssories Cosplay Magic Wand Stick (Limited Edition 2024) - Multicolor,CSTE_0332_Wands_Lord Voldmort_Light,1
2025-01-28,"Fusked Voldemort Wand Magic Wands Harry Potter Accessories Gift Toys Cosplay Dress Accessories Combo For Kids(Limited Edition 2024),Multicolor",CSTE_0293_OT_Voldemort_wand,1
2025-01-28,"Fusked Voldemort Wand Magic Wands Harry Potter Accessories With Sunglass Gift Toys Cosplay Dress Combo For Kids(Limited Edition 2024), Multicolor",CSTE_0343_Wands_Lord Voldmort_Sunglasas,1
2025-01-28,Fusked Wayfarer Sunglasses Free f_AAI01,F_sunglass-1,1
2025-01-28,Fusked Wayfarer Sunglasses STANDARD FIREGLASS SUNGLASS,MERCURYGREEN_FIRE_SG,1
2025-01-28,"Fusked Wooden Hand Cranked Collectable Engraved Music Box - Harry Potter, Black (Multicolor) wooden musical box",f_ay hp M box black,1
2025-01-28,Gifters garden Giftersgarden wooden music box la vi in rose - Black (Black) special for gift,LAVIENROSE_BLACK,1
2025-01-28,PLA Giftmart La Casa De Papel Bella Ciao Wooden Black Music Box Hand Engraved Vintage Multicolor,MB_MB_A12BROWN_1,1
2025-01-28,RUDRAV Minecraft Cow Plush Toys for Collectors - Video Game Kids Room Decor and Halloween Decor - Washable and Cute Gifts for Girls and Boys for Birthday,CSTE_0478_ST_Minecraft_Cow_Brown,1
2025-01-28,"Rudrav (Pack of 3 Refillable Travel Bottles for Toiletries Silicone Container for Cream, Shampoo Hand Wash, Lotion Storage Bottle Travel Accessories Leak Proof (60 ML)",CSTE_O0390_OT_Toiletry_Bottles,2
2025-01-28,Rudrav Beatles Hand Crank The Beatles Theme Carved Wooden Gift for Kids Friends Family Music Box,MB_Beatles_Black,1
2025-01-28,Rudrav Happy Birthday Red Music Box Wooden Handcrank Music Box For Kids birthday gift,32002561,1
2025-01-28,"Rudrav Harry Potter Music Box, Wooden Classic Music Box with Hand Crank Birthday Gifts for Girls Boys Diwali Gifts for Kids Friends Family",32546987,1
2025-01-28,Rudrav Pokemon Soft toy for Kids Gengar Stuffed Animals toys for Children Cartoon character Plush toy,Gengar,1
2025-01-28,Rudrav You are My Sunshine Wooden Classic Music Box Crafts with Hand Crank Music Box Black,MB_YouAreSunshine_Blk,3
2025-01-28,"VAAMnational Classic Vintage Black Edition Wooden ""YOU ARE MY SUNSHINE"" theme song Cranked Collectable Engraved Music Box YOU ARE MY SUNSHINE Beige",Music Box/11,2
2025-01-28,"Xexy Wireless Mic for YouTube - Dual TrueVoice™ Microphone for Youtubers, iOS/Type-C Phone - 2024 Edition (K9 Microphone)",K9,1
2025-01-28,brotherz wooden music box happy birthday instrument Black,Map_Musicbox_Black_HBD,2
2025-01-28,caaju wooden music box happy birthday instrument- Multi color NA Multicolor,eitheo_HBD,2
2025-01-29,"Caaju Compression Packing Cubes Travel Organizer Set, 3 Cubes and 1 Shoe Bag, Cream (Black, Large)",Compression_Kit_Blk,1
2025-01-29,"Caaju Compression Packing Cubes Travel Organizer Set, 3 Cubes and 1 Shoe Bag, Expandable Luggage Suitcase, Lightweight Packing Organizers for Women & Men (Polyester, 4 Piece Set, Blue)",Caaju_Compression_Travelkit_Blue,1
2025-01-29,"Caaju Foldable Steel Frame Clothes Organizer Storage Box for Wardrobe, Saree, Shirts, and Blankets (26 Litre - Pack of 1, Off-White) (Off-White)",Caaju_26Lstoragebox_cream,1
2025-01-29,Caaju Money Heist Music Box Hand Cranked Collectable Wooden Engraved Musical Box Bella ciao Theme Music Tune la casa de Papel musicbox,Money Heist 4,1
2025-01-29,Crazy Gifters friendz wooden music box happy birthday instrument WHITE (White) 5cm Brown,Hbd_white_mb,1
2025-01-29,"Dragon Fly Sunglass cool Sunglass, Rimless Frameless Butterfly Sun glasses Unisex Vintage Eyewear",SG_butterfly_Red&Green,1
2025-01-29,FUSKED Flufies Sand Filled Rubber Squishy Toy for Kids - Soft Ball for Kids and Stress Relief Toys Adults - Squeeze Ball Toys for Kids - Kawaii Stuff Miniature Toys,CSTE_O0445_OT_Glue_Sand_Rubber_Monkey,1
2025-01-29,Fire Glasses Sun Glasses Stylish and Trendy | Fire Flame Sunglasses Flame Rimless Sunglasses Rimless Wave Glasses Fire Shape Glasses Eyewear for Party,CSTE_0157_SG_FireGlass_Green,1
2025-01-29,Fusked Breathing Ottert with Sensory Details with Rhythmic Breathing and Soothing Music  - 30 cm Otter Brown Medium,CSTE_0486_ST_Anim_Breathing_Otter_Brown,1
2025-01-29,Fusked Brown-La-Vie-Rose-Brown Music Box,Brown-La-Vie-Rose-Brown,1
2025-01-29,"Fusked Eyeglasses/Sunglasses Case for Women/Girls Fashionable Stylish and for Travel with Hook for Hand Bags Trendy Eyeglasses pouch, Ideal for Sunglasses- Stylish & Protective (Bunny Pink Case)",CSTE_O0395_OT_SG_Case_BunnyPink,1
2025-01-29,Fusked Fire Sun Glasses Stylish and Trendy | Fire Flame Sunglasses Rimless Sunglasses Rimless Wave Glasses Fire Shape Glasses Eyewear for Party (YELLOW),fire-glass_yellowfba,2
2025-01-29,Fusked Flufies Blox Fruits Plush Soft Toy for Kids - Soft Pillow for Home Decor  - 13 cm Fruit Blox Light Light Medium,CSTE_0489_ST_Fruit_Blox_Light,2
2025-01-29,Fusked Flufies Blox Fruits Plush Soft Toy for Kids - Soft Pillow for Home Decor  - 13 cm Fruit Blox Light Spirit Medium,CSTE_0491_ST_Fruit_Blox_Spirit,2
2025-01-29,Fusked Flufies Blox Fruits Plush Soft Toy for Kids - Soft Pillow for Home Decor  - 13 cm Fruit Blox Shadow Shadow Medium,CSTE_0490_ST_Fruit_Blox_Shadow,1
2025-01-29,Fusked Flufies Blox Fruits Plush Soft Toy for Kids and Collectors - Video Game Soft Pillow for Cute Home Decor and Gift - Washable and Safe Material Stuffed Toy,CSTE_0489_ST_Fruit_Blox_Light,1
2025-01-29,Fusked Flufies Blox Fruits Plush Soft Toy for Kids and Collectors - Video Game Soft Pillow for Cute Home Decor and Gift - Washable and Safe Material Stuffed Toy,CSTE_0490_ST_Fruit_Blox_Shadow,1
2025-01-29,"Fusked Flufies Breathing Otter Teddy with Realistic Breathing Motion  - 30 cm Otter, Teddy Bear Blue Medium",CSTE_0487_ST_Anim_Breathing_Otter_Blue,1
2025-01-29,Fusked Flufies Breathing Teddy Soft Toys for Baby Girl and Boy - 25 cm Sensory Toys and Musical Toys for Kids - Sleeping Teddy Bear with Breathing - Baby Gifts Cuddle Pillow (Breathing Otter Grey),Breathing_Grey_Otter,1
2025-01-29,Fusked Flufies Breathing Teddy Soft Toys for Baby Girl and Boy - 25 cm Sensory Toys and Musical Toys for Kids - Sleeping Teddy Bear with Breathing - Baby Gifts Cuddle Pillow (Breathing Sloth),CSTE_0544_ST_Animal_Breathing_Sloth_Grey,1
2025-01-29,Fusked Flufies Breathing Teddy Soft Toys for Baby Girl and Boy - 25 cm Sensory Toys and Musical Toys for Kids - Sleeping Teddy Bear with Breathing - Baby Gifts Cuddle Pillow (Breathing Stitch Blue),Breathing_Lilo_Stich_Blue,5
2025-01-29,Fusked Flufies Breathing Teddy Soft Toys for Baby Girl and Boy - 25 cm Sensory Toys and Musical Toys for Kids - Sleeping Teddy Bear with Breathing - Baby Gifts Cuddle Pillow (Dark Brown),Breathing_Otter_D_Brown,1
2025-01-29,"Fusked Flufies Kirby Plush Soft Toy for New Born Babies - Snuggly Big Plush Toy for Girl and Boy (12 Months to 1.5 Years) - Multicolor, Safe and Washable Stuffed Toy",AZ-2LJY-FLVA,1
2025-01-29,Fusked Flufies Kuromi Plush Soft Toys for Kids Girls and Boys - Cute Rabbit Baby Toy for Room Decor - Washable and Safe Stuffed Animal for Birthday Gift and Collection,CSTE_0482_ST_Animal_Kitty_Kuromi_Black,1
2025-01-29,Fusked Flufies Reversible Yoda Plush Stuff Toys for Kids - Show Your Mood with Star Wars Baby Yoda Soft Toy - Washable and Safe Baby Doll for Birthday Gift,Reversible_Yodaa,1
2025-01-29,Fusked Harry Potter Dumbledore Magic Wand with Harry Potter Sunglasses for Kids cosplay Black,Dumbledore_sunglass_wand,1
2025-01-29,"Fusked Harry Potter Light Wand Toy For Kids Gift Harrypotter Accesssories Cosplay Magic Wands Stick(Limited Edition 2024),Multicolor",CSTE_0330_Wands_Harrypotter_Light,2
2025-01-29,Fusked Harry Potter Sunglass Shades of Magic Wizard's Shade Spectacles Harry Potter-themed eyewear Wizarding fashion eyewear,Haary_Round_SG,2
2025-01-29,Fusked Harry Potter Sunglass Shades of Magic Wizard's Shade Spectacles Harry Potter-themed eyewear Wizarding fashion eyewear (Rectangle Cream),peacecolor_squar_glasses,1
2025-01-29,Fusked Harry Potter Wooden Handcrafted Music Box -White Music Box,HARRY POTTER_WHITE,2
2025-01-29,"Fusked Minecraft Cow Soft Toy for Kids - Stuffed Animal Plush Toys for Girls and Boys  - 16 cm Minecraft Cow, Video Game Character Brown Small",CSTE_0478_ST_Minecraft_Cow_Brown,1
2025-01-29,"Fusked Premium Minecraft Diamond Foam Sword Small Toy for Kids Durable, Ideal for Cosplay, Role Playing, Halloween Costumes, and Room Decor 23 CM",minecraft_Sward_Small,3
2025-01-29,"Fusked Premium Minecraft Diamond Foam Sword Small Toy for Kids Durable, Ideal for Cosplay, Role Playing, Halloween Costumes, and Room Decor 45 CM",minecraft_Sward_Big,7
2025-01-29,Fusked Thug Life Sunglasses Pixelated Mosaic Glasses Party Glasses MLG Shades (12 Pixels) Made in India (SINGLE),FUSKED-TLSG,1
2025-01-29,Fusked Wayfarer Sunglasses STANDARD FIREGLASS SUNGLASS,MERCURYGREEN_FIRE_SG,1
2025-01-29,"Fusked Wooden Hand Cranked Collectable Engraved Music Box - Harry Potter, Black (Multicolor) wooden musical box",f_ay hp M box black,1
2025-01-29,"Fusked Wooden Star Wars Black Music Box,Hand Crank Classic Antique Carved Wood Musical Boxes Birthday for Kids Children ? (Wood) (Star Wars_Black",MB_StarWars_|BLK,1
2025-01-29,Goku Super Saiyyan Anime Series Toys || Goku Super Saiyyan Action Figure|| Rare Antique Merchandise/Statue (Goku Super Sain ) ?,Goku Super Saiyyan Injured01,1
2025-01-29,Gun Toys ,Dolphine bubble shooter gun for kids,1
2025-01-29,PATPAT Play Hard Black Wooden Harry Potter Music Box,Music Box/26,1
2025-01-29,RUDRAV Fire Sun Glasses Stylish and Trendy | Fire Flame Sunglasses Rimless Sunglasses Rimless Wave Glasses Fire Shape Glasses Eyewear for Party (YELLOW),1951027540_9,1
2025-01-29,"Rudrav (Pack of 3 Refillable Travel Bottles for Toiletries Silicone Container for Cream, Shampoo Hand Wash, Lotion Storage Bottle Travel Accessories Leak Proof (60 ML)",CSTE_O0390_OT_Toiletry_Bottles,4
2025-01-29,"Rudrav 66litre Clothes Storage Box Foldable Steel Frame Clothes Organizer Storage Box for Wardrobe, Saree, Shirts, and Blankets (Large, Blue)",CSTE_0417_Organizer_StorageBox_SkyBlue,1
2025-01-29,"Rudrav Harry Potter Music Box, Wooden Classic Music Box with Hand Crank Birthday Gifts for Girls Boys Diwali Gifts for Kids Friends Family",32546987,4
2025-01-29,Rudrav Harry Potter Wand for Kids Cosplay Magical Wand for Potterheads Kids Birthday Christmas Gift,Harry_wand,1
2025-01-29,Rudrav Wayfarer Sunglasses free f_AAI02,Thug life sunglasses,1
2025-01-29,"VAAMnational Classic Vintage Black Edition Wooden ""YOU ARE MY SUNSHINE"" theme song Cranked Collectable Engraved Music Box YOU ARE MY SUNSHINE Beige",Music Box/11,2
2025-01-29,"Xexy Purple Fairy Dragon Fly Sunglass, Rimless Frameless Butterfly Cool glasses In Blue & Purple Unisex Vintage Fun Eyewear",CSTE_0242_SG_ButterFly_Purple,4
2025-01-29,brotherz wooden music box happy birthday instrument Black,Map_Musicbox_Black_HBD,2
2025-01-29,orfin Wooden Music Box Happy Birthday Instrument (Brown) Black,hbd_brown_map,1
2025-01-30,"CAAJU Titanic Mb, Music Box Titanic Heart Will Go On Tune Titanic Theme Music Box For Love Gift For Girl Friend Friends Wife Hand Crank Musical Boxes Wooden, Kid",MB_Titanic_Brown_fba,1
2025-01-30,Caaju Music Box Gift Bella Ciao Wooden Music Box Laser Engraved Vintage Music Boxes Birthday Valentine's Day Gift Bella Ciao Black,cj-ciao-black,1
2025-01-30,Caaju Music Box Hand Cranked Collectable Wooden Engraved Musical Box – Pack of 1 (Harry Potter Black),HPB1,1
2025-01-30,"Caaju Premium 7pcs Travel Organizer | Packing Cubes for Travel Luggage Makeup Bags Organizers Toiletry Bag,Travel Essentials Space Savers Cosmetics/Underwear/Socks/Laundry with Shoe Bag Nylon (Grey)",CJ_Travel_Org_Kit_Grey,3
2025-01-30,"Dragon Fly Sunglass cool Sunglass, Rimless Frameless Butterfly Sun glasses Unisex Vintage Eyewear",SG_butterfly_Red&Green,1
2025-01-30,Fire Glasses Sun Glasses Stylish and Trendy | Fire Flame Sunglasses Flame Rimless Sunglasses Rimless Wave Glasses Fire Shape Glasses Eyewear for Party,CSTE_0157_SG_FireGlass_Green,1
2025-01-30,Fusked Axolotl Plush Toy Stuffed Animal Pillow Toy Doll Halloween Axolotl Cuddle Buddy Plush Pillow Edition Cotten Pillow for Kids (Blue),CSTE_0322_ST_Axolotl_Blue,1
2025-01-30,"Fusked Dragon Fly Sunglass cool Sunglass, Rimless Frameless Butterfly Sunglasses Unisex Vintage Eyewear (light Green Pink)",CSTE_0251_SG_ButterFly_LightgreenPink,1
2025-01-30,"Fusked Dumbledore Light Wand Toy For Kids Gift Harrypotter Accesssories Cosplay Magic Wand Stick(Limited Edition 2024), Multicolor",CSTE_0333_Wands_Dumbledore_Light,2
2025-01-30,"Fusked Dumbledore Light Wand Toy For Kids Gift With Sunglass Harrypotter Accesssories Cosplay Combo Magic Wand Stick(Limited Edition 2024), Multicolor",CSTE_0358_Wands_Dumbledore_light_Sg,1
2025-01-30,"Fusked Eyeglasses/Sunglasses Case for Women/Girls Fashionable Stylish and for Travel with Hook for Hand Bags Trendy Eyeglasses pouch, Ideal for Sunglasses- Stylish & Protective (Bunny Pink Case)",CSTE_O0395_OT_SG_Case_BunnyPink,1
2025-01-30,"Fusked Fluffies Hello Kitty Plush Soft Toy for Newborn Baby - Cute Hello Kitty Stuff Toys for Kids (12 Month to 1.5 Year) - Safe, and Washable",hello kitty,1
2025-01-30,Fusked Flufies 20 cm Minecraft Steve Plush Toys for Collectors - Kids Room Decor and Halloween Decor for Video Game Fans- Washable for Girls and Boys for Birthday,Minecraft_Steve,1
2025-01-30,Fusked Flufies Blox Fruits Plush Soft Toy for Kids - Soft Pillow for Home Decor  - 13 cm Fruit Blox Light Light Medium,CSTE_0489_ST_Fruit_Blox_Light,1
2025-01-30,Fusked Flufies Blox Fruits Plush Soft Toy for Kids - Soft Pillow for Home Decor  - 13 cm Fruit Blox Shadow Shadow Medium,CSTE_0490_ST_Fruit_Blox_Shadow,1
2025-01-30,Fusked Flufies Blox Fruits Plush Soft Toy for Kids and Collectors - Video Game Soft Pillow for Cute Home Decor and Gift - Washable and Safe Material Stuffed Toy,CSTE_0489_ST_Fruit_Blox_Light,3
2025-01-30,Fusked Flufies Blox Fruits Plush Soft Toy for Kids and Collectors - Video Game Soft Pillow for Cute Home Decor and Gift - Washable and Safe Material Stuffed Toy,CSTE_0490_ST_Fruit_Blox_Shadow,1
2025-01-30,Fusked Flufies Breathing Teddy Soft Toys for Baby Girl and Boy - 25 cm Sensory Toys and Musical Toys for Kids - Sleeping Teddy Bear with Breathing - Baby Gifts Cuddle Pillow (Breathing Otter Grey),Breathing_Grey_Otter,1
2025-01-30,Fusked Flufies Breathing Teddy Soft Toys for Baby Girl and Boy - 25 cm Sensory Toys and Musical Toys for Kids - Sleeping Teddy Bear with Breathing - Baby Gifts Cuddle Pillow (Breathing Stitch Blue),Breathing_Lilo_Stich_Blue,4
2025-01-30,Fusked Flufies Breathing Teddy Soft Toys for Baby Girl and Boy - 25 cm Sensory Toys and Musical Toys for Kids - Sleeping Teddy Bear with Breathing - Baby Gifts Cuddle Pillow (Dark Brown),Breathing_Otter_D_Brown,1
2025-01-30,Fusked Flufies Combo 20 cm Minecraft Zombie and Creeper Plush Toys for Collectors - Kids Room Decor and Halloween Decor for Video Game Fans- Washable for Girls and Boys for Birthday,zombie_creeper,1
2025-01-30,Fusked Flufies Kuromi Plush Soft Toys for Kids Girls and Boys - Cute Rabbit Baby Toy for Room Decor - Washable and Safe Stuffed Animal for Birthday Gift and Collection,CSTE_0482_ST_Animal_Kitty_Kuromi_Black,1
2025-01-30,"Fusked Flufies Kuromi Soft Toys for Kids - Plush Soft Toys for Girls and Boys  - 20 cm Kuromi, Rabbit Black Medium",CSTE_0482_ST_Animal_Kitty_Kuromi_Black,1
2025-01-30,Fusked Flufies Reversible Yoda Plush Stuff Toys for Kids - Show Your Mood with Star Wars Baby Yoda Soft Toy - Washable and Safe Baby Doll for Birthday Gift,Reversible_Yodaa,1
2025-01-30,"Fusked Harry Potter Light Wand Toy For Kids Gift Harrypotter Accesssories Cosplay Magic Wands Stick(Limited Edition 2024),Multicolor",CSTE_0330_Wands_Harrypotter_Light,1
2025-01-30,Fusked Harry Potter Sunglass Shades of Magic Wizard's Shade Spectacles Harry Potter-themed eyewear Wizarding fashion eyewear,Haary_Round_SG,6
2025-01-30,Fusked Harry Potter Wooden Handcrafted Music Box -White Music Box,HARRY POTTER_WHITE,1
2025-01-30,"Fusked Hermoine Light Wand Toy For Kids Gift With Sunglass Harrypotter Accesssories Cosplay Combo Magic Wand Stick(Limited Edition 2024),Multicolor",Hermoine_light_SG,2
2025-01-30,"Fusked Hermoine Wand Magic Wands Harry Potter Accessories Gift Toys Cosplay Dress Accessories For Kids(Limited Edition 2024),Multicolor",CSTE_0291_OT_Hermoine_wand,3
2025-01-30,Fusked Kalimba Thumb 17 Keys Piano CrystalMusical Instrument with Engraved Notes Piano Lid,crystle_17nots_kalimba,1
2025-01-30,"Fusked Premium Minecraft Diamond Foam Sword Small Toy for Kids Durable, Ideal for Cosplay, Role Playing, Halloween Costumes, and Room Decor 23 CM",minecraft_Sward_Small,6
2025-01-30,"Fusked Premium Minecraft Diamond Foam Sword Small Toy for Kids Durable, Ideal for Cosplay, Role Playing, Halloween Costumes, and Room Decor 45 CM",minecraft_Sward_Big,3
2025-01-30,"Fusked Snape Wand Magic Wands Harry Potter Accessories Gift Toys Cosplay Dress Accessories For Kids(Limited Edition 2024),Multicolor",CSTE_0295_OT_Snape_wand,1
2025-01-30,Fusked Voldemort Light Wand Toy For Kids Gift Harrypotter Accesssories Cosplay Magic Wand Stick (Limited Edition 2024) - Multicolor,CSTE_0332_Wands_Lord Voldmort_Light,1
2025-01-30,"Fusked Voldemort Wand Magic Wands Harry Potter Accessories With Sunglass Gift Toys Cosplay Dress Combo For Kids(Limited Edition 2024), Multicolor",CSTE_0343_Wands_Lord Voldmort_Sunglasas,1
2025-01-30,RUDRAV Breathing Teddy Soft Toys for Baby Girl and Boy - Sensory Toys and Musical Toys for Kids - Sleeping Teddy Bear with Breathing - Baby Gifts Newborn - Baby Toys Cuddle Pillow (Breathing Koala),CSTE_0533_ST_Animal_Breathing_Koala_Grey,1
2025-01-30,RUDRAV Minecraft Steve and 23 cm Sword Combo Plush Toys for Collectors - Video Game Kids Room Decor and Halloween Decor - Gifts for Girls and Boys for Birthday,Minecraft_Small_Sword_Steve,1
2025-01-30,"Rudrav (Pack of 3 Refillable Travel Bottles for Toiletries Silicone Container for Cream, Shampoo Hand Wash, Lotion Storage Bottle Travel Accessories Leak Proof (60 ML)",CSTE_O0390_OT_Toiletry_Bottles,1
2025-01-30,"Rudrav Beautiful Princes Doll Set for Girls With Foldable Hands Barbie Orange, Green",doll_orange_green,1
2025-01-30,"Rudrav Harry Potter Music Box, Wooden Classic Music Box with Hand Crank Birthday Gifts for Girls Boys Diwali Gifts for Kids Friends Family",32546987,1
2025-01-30,Rudrav Money Heist Music Box Bella Ciao Theme Song Tune Wooden handcrank Collectable Music Box,CSTE_0205_MB_MHA10_Brown,1
2025-01-30,Rudrav Wayfarer Sunglasses LARGE Red_Wing,Red_Wings_SG,1
2025-01-30,"VAAMnational Classic Vintage Black Edition Wooden ""YOU ARE MY SUNSHINE"" theme song Cranked Collectable Engraved Music Box YOU ARE MY SUNSHINE Beige",Music Box/11,3
2025-01-30,caaju wooden music box happy birthday instrument- Multi color NA Multicolor,eitheo_HBD,1
2025-01-30,orfin Wooden Music Box Happy Birthday Instrument (Brown) Black,hbd_brown_map,1
2025-01-31,CAAJU Thug Life Sunglasses Limited Edition (Unisex) (Black) - Pack of 1,thugsunglass,1
2025-01-31,Caaju Caaaju Money Heist Music Box Hand Cranked Collectable Wooden Engraved Musical Box Bella ciao Theme Music Tune la casa de Papel musicbox,Money Heist 1,1
2025-01-31,"Caaju Compression Packing Cubes Travel Organizer Set, 3 Cubes and 1 Shoe Bag, Cream (Sky Blue, Large)",Compression_Sky_Blue,1
2025-01-31,"Caaju Compression Packing Cubes Travel Organizer Set, 3 Cubes and 1 Shoe Bag, Expandable Luggage Suitcase, Lightweight Packing Organizers for Women & Men (Polyester, 4 Piece Set, Blue)",Caaju_Compression_Travelkit_Blue,1
2025-01-31,Caaju Music Box Gift Bella Ciao Wooden Music Box Laser Engraved Vintage Music Boxes Birthday Valentine's Day Gift Bella Ciao Black,cj-ciao-black,1
2025-01-31,Caaju Thug Life Sunglasses Pixelated Mosaic Glasses Party Glasses MLG Shades (12 Pixels) Made in India (COMBO 2),CTLG-02,1
2025-01-31,Crazy Gifters friendz wooden music box happy birthday instrument- Black (Black) 5cm,HBD_BLCK_MAP,1
2025-01-31,"Dragon Fly Sunglass cool Sunglass, Rimless Frameless Butterfly Sun glasses Unisex Vintage Eyewear",SG_butterfly_Red&Green,1
2025-01-31,"Dragon Fly Sunglass cool Sunglass, Rimless Frameless Butterfly Sun glasses Unisex Vintage Eyewear (Green)",greenbutterful_glasses_fba,3
2025-01-31,Embernation Harry potter music box with main theme song hand cranked Hand Engraved Wooden Music Box for personal collection and gifting! High quality NA Brown,harrypotter_brown_map2,2
2025-01-31,FUSKED Flufies Sand Filled Rubber Squishy Toy for Kids - Soft Ball for Kids and Stress Relief Toys Adults - Squeeze Ball Toys for Kids - Cat Kawaii Stuff Miniature Toys,CSTE_O0446_OT_Glue_Sand_Rubber_Pig,1
2025-01-31,FUSKED Flufies Squishy Toy for Kids - Soft Ball for Kids and Stress Relief Toys Adults - Squeeze Ball Toys for Kids - Cat Kawaii Stuff Miniature Toys for Birthday,CSTE_O0444_OT_Squeeze_Purple,1
2025-01-31,FUSKED Kalimba Thumb Piano for Beginners - Professional Music instrument with Engraved Notes (Sabrina 8 Notes Kalimba),CSTE_0306_MB_Sabrina_8Notes_Brown,1
2025-01-31,Fusked Axolotl Plush Toy Stuffed Animal Pillow Toy Doll Halloween Axolotl Cuddle Buddy Plush Pillow Edition Cotten Pillow for Kids (Blue),CSTE_0322_ST_Axolotl_Blue,1
2025-01-31,Fusked Breathing Ottert with Sensory Details with Rhythmic Breathing and Soothing Music  - 30 cm Otter Brown Medium,CSTE_0486_ST_Anim_Breathing_Otter_Brown,1
2025-01-31,"Fusked Dumbledore Light Up Harry Potter Collectables Wand Toys,Gifts Role Play For Fans Multicolor",light_wand_dumbledore,1
2025-01-31,"Fusked Dumbledore Light Wand Toy For Kids Gift With Musicbox Harrypotter Accesssories Cosplay Combo Magic Wand Stick With Musical Box Combo(Limited Edition 2024), Multicolor",CSTE_0353_Wands_DumbleD_light_MB,1
2025-01-31,Fusked Fire Glasses Sun Glasses Stylish and Trendy | Fire Flame Sunglasses Flame Rimless Sunglasses Rimless Wave Glasses Fire Shape Glasses Eyewear for Party - Mercury Green,SG-fireglass-mercury-green-FBA,1
2025-01-31,Fusked Fire Sun Glasses Stylish and Trendy | Fire Flame Sunglasses Rimless Sunglasses Rimless Wave Glasses Fire Shape Glasses Eyewear for Party (YELLOW),fire-glass_yellowfba,1
2025-01-31,"Fusked Fluffies Hello Kitty Plush Soft Toy for Newborn Baby - Cute Hello Kitty Stuff Toys for Kids (12 Month to 1.5 Year) - Safe, and Washable",hello kitty,1
2025-01-31,Fusked Flufies 16 cm Minecraft Cow Plush Toys for Collectors - Video Game Kids Room Decor and Halloween Decor - Washable for Girls and Boys for Birthday (Cow),CSTE_0478_ST_Minecraft_Cow_Brown,1
2025-01-31,Fusked Flufies 30 cm Minecraft Cave Spider Plush Toys for Collectors - Video Game Kids Room Decor and Halloween Decor -Washable for Girls and Boys for Birthday (Spider),CSTE_0477_ST_Minecraft_Spider_Blue,1
2025-01-31,Fusked Flufies Blox Fruits Plush Soft Toy for Kids and Collectors - Video Game Soft Pillow for Cute Home Decor and Gift - Washable and Safe Material Stuffed Toy,CSTE_0490_ST_Fruit_Blox_Shadow,5
2025-01-31,Fusked Flufies Blox Fruits Plush Soft Toy for Kids and Collectors - Video Game Soft Pillow for Cute Home Decor and Gift - Washable and Safe Material Stuffed Toy,CSTE_0491_ST_Fruit_Blox_Spirit,2
2025-01-31,Fusked Flufies Breathing Fox Soft Toys for Baby Girl and Boy - 25 cmSensory Toys and Musical Toys for Kids - Sleeping Teddy Bear with Breathing - Baby Gifts Newborn - Baby Toy Cuddle Pillow,CSTE_0541_ST_Animal_Breathing_Fox,1
2025-01-31,Fusked Flufies Breathing Messenger Cat Soft Toys for Baby Girl and Boy - 25 cm Sensory Toys and Musical Toys for Kids - Sleeping Teddy Bear with Breathing - Baby Gifts Cuddle Pillow (Pink),Breathing_Messenger_Cat_Pink,1
2025-01-31,Fusked Flufies Breathing Otter Soft Toys for Baby Girl and Boy - 25cm Sensory Toys and Musical Toys for Kids - Sleeping Teddy Bear with Breathing - Baby Gifts Newborn - Baby Toy Cuddle Pillow,Breathing_Otter_Blue,1
2025-01-31,"Fusked Flufies Breathing Otter Teddy with Realistic Breathing Motion  - 30 cm Otter, Teddy Bear Blue Medium",CSTE_0487_ST_Anim_Breathing_Otter_Blue,2
2025-01-31,Fusked Flufies Breathing Teddy Soft Toys for Baby Girl and Boy - 25 cm Sensory Toys and Musical Toys for Kids - Sleeping Teddy Bear with Breathing - Baby Gifts Cuddle Pillow (Breathing Otter Grey),Breathing_Grey_Otter,1
2025-01-31,Fusked Flufies Breathing Teddy Soft Toys for Baby Girl and Boy - 25 cm Sensory Toys and Musical Toys for Kids - Sleeping Teddy Bear with Breathing - Baby Gifts Cuddle Pillow (Breathing Pink Otter),Breathing_Otter_Pink_1,1
2025-01-31,Fusked Flufies Breathing Teddy Soft Toys for Baby Girl and Boy - 25 cm Sensory Toys and Musical Toys for Kids - Sleeping Teddy Bear with Breathing - Baby Gifts Cuddle Pillow (Breathing Stitch Blue),Breathing_Lilo_Stich_Blue,1
2025-01-31,Fusked Flufies Breathing Teddy Soft Toys for Baby Girl and Boy - 25 cm Sensory Toys and Musical Toys for Kids - Sleeping Teddy Bear with Breathing - Baby Gifts Cuddle Pillow (Breathing Stitch Blue),CSTE_0488_ST_Anim_Breathing_Stitch_Blue,6
2025-01-31,Fusked Flufies Breathing Teddy Soft Toys for Baby Girl and Boy - 25 cm Sensory Toys and Musical Toys for Kids - Sleeping Teddy Bear with Breathing - Baby Gifts Cuddle Pillow (Dark Brown),Breathing_Otter_D_Brown,4
2025-01-31,"Fusked Flufies Breathing Teddy with Realistic Breathing Motion - Soft Toy for Kids  - 30 cm Rabbit, Teddy Bear Breathing Rabbit Medium",CSTE_0532_ST_Animal_Breathing_Rabbit_Grey,1
2025-01-31,Fusked Flufies Combo Minecraft Sword and Steve Plush Toys for Collectors - Kids Room Decor and Halloween Decor for Video Game Fans- Washable for Girls and Boys for Birthday,Minecraft_Small_Sword_Steve,1
2025-01-31,Fusked Flufies Cow Soft Toy For Kids - Soft Toys for Girls and Boys  - 30 cm Amul Cow White Medium,CSTE_0512_ST_Animal_Cow_Plush,1
2025-01-31,"Fusked Flufies Koala Plush Toy for Babies and Kids - Cozy Stitch Soft Toy for Kids (12 Month to 1.5 Year) - Safe, and Washable - Gift Items for Girls and Boys",Stitch soft toy,1
2025-01-31,Fusked Flufies Minecraft Pillow Plush Toys for Collectors - Kids Room Decor and Halloween Decor for Video Game Fans- Washable for Girls and Boys for Birthday,CSTE_0480_ST_Minecraft_TNT_Block,1
2025-01-31,Fusked Flufies Minecraft Sword and Pickaxe for Room Decor and Halloween Decor - Foam Minecraft Pickaxe for Kids and Collectors - Diamond Netherite Toy for Birthday and Role Play (Pickaxe and Sword),CSTE_0502_ST_Minecraft_Pickaxe_Foam,3
2025-01-31,Fusked Flufies Penguin with Hat and Bag Plush Soft Toys for Baby and Toddlers - Washable and Safe Travelling Baby Toys for 2+ Year Old boy and Girl - New Born Baby Gifts for Birthday,CSTE_0485_ST_Animal_Kawaii_Penguin,1
2025-01-31,Fusked Flufies Soft Toy - Soft and Washable Baby Toy - Toys for 1 Year Old Girl and Baby Boy - Kawaii Plushies Soft Toys for Home Decor - Cute Stuff Toy for Birthday (Dragon with Fire Tail),CSTE_0433_ST_Pokemon_Charmander_Red,1
2025-01-31,Fusked Handcrafted Wooden Music Box Harry Potter (Black) NA,F_ay hp M box black,1
2025-01-31,Fusked Harry Potter Light Up Wand With Harry Potter Sunglass Combo Toy Cosplay for kid Herry Potter Multicolor,CSTE_0355_Wands_HP_light_Sg,1
2025-01-31,"Fusked Harry Potter Light Wand Toy For Kids Gift Harrypotter Accesssories Cosplay Magic Wands Stick(Limited Edition 2024),Multicolor",CSTE_0330_Wands_Harrypotter_Light,2
2025-01-31,"Fusked Harry Potter Light Wand Toy For Kids Gift With Music Box Harrypotter Accesssories Cosplay Combo Magic Wands Stick(Limited Edition 2024), Multicolor",CSTE_0350_Wands_Hp_light_MB,1
2025-01-31,"Fusked Hermoine Wand Magic Wands Harry Potter Accessories Gift Toys Cosplay Dress Accessories For Kids(Limited Edition 2024),Multicolor",CSTE_0291_OT_Hermoine_wand,2
2025-01-31,Fusked Mine Craft Stuff Toys for Kids Game Character Creeper Soft Toy Plush Pillow Toys  - 8 inch Creeper Minecraft Green Medium,CSTE_0419_ST_MineCraft_Creeper,1
2025-01-31,Fusked Minecraft Plushie Stuffed Doll Cuddly Collectable Mine Craft Soft Toy Gift Plush Toys Kids Soft Plush Toys Valentine's Day Christmas Birthday Game Character (Llama and Creeper),Lama_Creeper_Combo,1
2025-01-31,Fusked Minecraft Plushie Stuffed Doll Cuddly Collectable Mine Craft Soft Toy Gift Plush Toys Kids Soft Plush Toys Valentine's Day Christmas Birthday Game Character (Llama and Ghast),Lama_Ghast_Combo,1
2025-01-31,"Fusked Premium Minecraft Diamond Foam Sword Small Toy for Kids Durable, Ideal for Cosplay, Role Playing, Halloween Costumes, and Room Decor 23 CM",minecraft_Sward_Small,11
2025-01-31,"Fusked Premium Minecraft Diamond Foam Sword Small Toy for Kids Durable, Ideal for Cosplay, Role Playing, Halloween Costumes, and Room Decor 45 CM",minecraft_Sward_Big,4
2025-01-31,"Fusked Snape Wand Magic Wands Harry Potter Accessories Gift Toys Cosplay Dress Accessories For Kids(Limited Edition 2024),Multicolor",CSTE_0295_OT_Snape_wand,2
2025-01-31,Fusked Thug Life Sunglasses Pixelated Mosaic Glasses Party Glasses MLG Shades (12 Pixels) Made in India (SINGLE),FUSKED-TLSG,2
2025-01-31,Fusked Voldemort Light Wand Toy For Kids Gift Harrypotter Accesssories Cosplay Magic Wand Stick (Limited Edition 2024) - Multicolor,CSTE_0332_Wands_Lord Voldmort_Light,1
2025-01-31,Fusked Wayfarer Sunglasses STANDARD WING SHAPE SUNGLASSES,WING_RED_SG,1
2025-01-31,"Fusked Wooden Hand Cranked Collectable Engraved Music Box - Harry Potter, Black (Multicolor) wooden musical box",f_ay hp M box black,1
2025-01-31,Fusked Wooden Money Heist Hand Cranked Collectable Engraved Music Box (moeny Heist) NA Beige,moeny Heist Musical Toy,1
2025-01-31,Fusked elephant soft toy with dress grey  - 20 mm NA Black medium,fusked-elephant-grey-soft toy,1
2025-01-31,"Rudrav (Pack of 3 Refillable Travel Bottles for Toiletries Silicone Container for Cream, Shampoo Hand Wash, Lotion Storage Bottle Travel Accessories Leak Proof (60 ML)",CSTE_O0390_OT_Toiletry_Bottles,2
2025-01-31,"Rudrav Fancy White Faux Fur Mat/Rug for Dogs,Cats,etc | Soft and Big in Size 25x25 Inches | Ticks Free Mat/Rug | Made in India ( White, 25*25 Inches) ",78945615,1
2025-01-31,"Rudrav Harry Potter Music Box, Wooden Classic Music Box with Hand Crank Birthday Gifts for Girls Boys Diwali Gifts for Kids Friends Family",32546987,1
2025-01-31,"Titanic Mb, Music Box Titanic Heart Will Go On Tune Titanic Theme Music Box For Love Gift For Girl Friend Friends Wife Hand Crank Musical Boxes Wooden",Titanic_Brown,1
2025-01-31,"VAAMnational Classic Vintage Black Edition Wooden ""YOU ARE MY SUNSHINE"" theme song Cranked Collectable Engraved Music Box YOU ARE MY SUNSHINE Beige",Music Box/11,1
2025-02-01, Fire style Glasses Sun Glasses Stylish and Trendy party glasses Multicolor | Fire Flame Sunglasses Flame Rimless Sunglasses Rimless Wave Glasses Fire Shape Glasses Eyewear,SG_FireGlass_Green,1
2025-02-01,"CAAJU Titanic Mb, Music Box Titanic Heart Will Go On Tune Titanic Theme Music Box For Love Gift For Girl Friend Friends Wife Hand Crank Musical Boxes Wooden, Kid",MB_Titanic_Brown_fba,1
2025-02-01,"Caaju Foldable Steel Storage Cubes Organizer with Handles Frame Collapsible Clothes Organizer Storage Box for Wardrobe,Toys,Books and Blankets Storage Box with Handles (Off-White, Pack of 2)",Storage_Box_white_2,1
2025-02-01,"Caaju Foldable Steel Storage Cubes Organizer with Handles Frame Collapsible Clothes Organizer Storage Box for Wardrobe,Toys,Books and Blankets Storage Box with Handles (Off-White, Pack of 4)",Storage_Box_white_4,1
2025-02-01,Caaju Wooden Harry Potter Music Box Hand Crank Classic Music Box Birthday Gifts for Girls Boys Kids Friends Family Harry Potter i Solemnly Swear That i am Sound Box,Black Harry potter,2
2025-02-01,"Caaju usic Box, You are My Sunshine Music Box Wooden Classic Music Box with Hand Crank Birthday Gifts for Girls Boys Diwali Gifts for Kids Friends Family",You are my sunshine,1
2025-02-01,Crazy Gifters friendz wooden music box happy birthday instrument WHITE (White) 5cm Brown,Hbd_white_mb,1
2025-02-01,FUSKED Flufies Sand Filled Rubber Squishy Toy for Kids - Soft Ball for Kids and Stress Relief Toys Adults - Squeeze Ball Toys for Kids - Cat Kawaii Stuff Miniature Toys,CSTE_O0446_OT_Glue_Sand_Rubber_Pig,1
2025-02-01,FUSKED Flufies Squishy Toy for Kids - Soft Ball for Kids and Stress Relief Toys Adults - Squeeze Ball Toys for Kids - Cat Kawaii Stuff Miniature Toys for Birthday,CSTE_O0442_OT_Squeeze_White,1
2025-02-01,FUSKED Flufies Squishy Toy for Kids - Soft Ball for Kids and Stress Relief Toys Adults - Squeeze Ball Toys for Kids - Cat Kawaii Stuff Miniature Toys for Birthday,CSTE_O0443_OT_Squeeze_Yellow,2
2025-02-01,FUSKED Flufies Squishy Toy for Kids - Soft Ball for Kids and Stress Relief Toys Adults - Squeeze Ball Toys for Kids - Cat Kawaii Stuff Miniature Toys for Birthday,CSTE_O0444_OT_Squeeze_Purple,1
2025-02-01,"Fusked Dumbledore Light Wand Toy For Kids Gift Harrypotter Accesssories Cosplay Magic Wand Stick(Limited Edition 2024), Multicolor",CSTE_0333_Wands_Dumbledore_Light,4
2025-02-01,"Fusked Dumbledore Light Wand Toy For Kids Gift With Musicbox Harrypotter Accesssories Cosplay Combo Magic Wand Stick With Musical Box Combo(Limited Edition 2024), Multicolor",CSTE_0353_Wands_DumbleD_light_MB,1
2025-02-01,"Fusked Dumbledore Light Wand Toy For Kids Gift With Sunglass Harrypotter Accesssories Cosplay Combo Magic Wand Stick(Limited Edition 2024), Multicolor",CSTE_0358_Wands_Dumbledore_light_Sg,1
2025-02-01,"Fusked Fluffies Hello Kitty Plush Soft Toy for Newborn Baby - Cute Hello Kitty Stuff Toys for Kids (12 Month to 1.5 Year) - Safe, and Washable",hello kitty,1
2025-02-01,Fusked Flufies 20 cm Minecraft Ghast Plush Toys for Collectors - Kids Room Decor and Halloween Decor for Video Game Fans- Washable for Girls and Boys for Birthday,Minecraft_Ghast,1
2025-02-01,Fusked Flufies 20 cm Minecraft Steve Plush Toys for Collectors - Kids Room Decor and Halloween Decor for Video Game Fans- Washable for Girls and Boys for Birthday,Minecraft_Steve,1
2025-02-01,Fusked Flufies 26 cm Minecraft Creeper Plush Toys for Collectors - Kids Room Decor and Halloween Decor for Video Game Fans- Washable for Girls and Boys for Birthday,Minecraft_creeper,1
2025-02-01,Fusked Flufies Blox Fruits Plush Soft Toy for Kids - Soft Pillow for Home Decor  - 13 cm Fruit Blox Light Light Medium,CSTE_0489_ST_Fruit_Blox_Light,1
2025-02-01,Fusked Flufies Blox Fruits Plush Soft Toy for Kids and Collectors - Video Game Soft Pillow for Cute Home Decor and Gift - Washable and Safe Material Stuffed Toy,CSTE_0490_ST_Fruit_Blox_Shadow,1
2025-02-01,Fusked Flufies Blox Fruits Plush Soft Toy for Kids and Collectors - Video Game Soft Pillow for Cute Home Decor and Gift - Washable and Safe Material Stuffed Toy,CSTE_0491_ST_Fruit_Blox_Spirit,1
2025-02-01,Fusked Flufies Breathing Fox Soft Toys for Baby Girl and Boy - 25 cmSensory Toys and Musical Toys for Kids - Sleeping Teddy Bear with Breathing - Baby Gifts Newborn - Baby Toy Cuddle Pillow,CSTE_0541_ST_Animal_Breathing_Fox,1
2025-02-01,Fusked Flufies Breathing Koala Soft Toys for Baby Girl and Boy - 25 cm Sensory Toys and Musical Toys for Kids - Sleeping Teddy Bear with Breathing - Baby Gifts Cuddle Pillow (Breathing Dog),CSTE_0545_ST_Animal_Breathing_Dog_B_2,1
2025-02-01,Fusked Flufies Breathing Otter Soft Toys for Baby Girl and Boy - 25cm Sensory Toys and Musical Toys for Kids - Sleeping Teddy Bear with Breathing - Baby Gifts Newborn - Baby Toy Cuddle Pillow,Breathing_Otter_Blue,2
2025-02-01,"Fusked Flufies Breathing Stitch Plush - Breathing Teddy with Realistic Breathing Motion  - 30 cm Stitch, Koala Blue Medium",CSTE_0488_ST_Anim_Breathing_Stitch_Blue,1
2025-02-01,Fusked Flufies Breathing Teddy Soft Toys for Baby Girl and Boy - 25 cm Sensory Toys and Musical Toys for Kids - Sleeping Teddy Bear with Breathing - Baby Gifts Cuddle Pillow (Breathing Stitch Blue),Breathing_Lilo_Stich_Blue,1
2025-02-01,Fusked Flufies Breathing Teddy Soft Toys for Baby Girl and Boy - 25 cm Sensory Toys and Musical Toys for Kids - Sleeping Teddy Bear with Breathing - Baby Gifts Cuddle Pillow (Breathing Stitch Blue),CSTE_0488_ST_Anim_Breathing_Stitch_Blue,2
2025-02-01,Fusked Flufies Breathing Teddy Soft Toys for Baby Girl and Boy - 25 cm Sensory Toys and Musical Toys for Kids - Sleeping Teddy Bear with Breathing - Baby Gifts Cuddle Pillow (White),CSTE_0536_ST_Animal_Breathing_lamb_White,1
2025-02-01,Fusked Flufies Breathing Teddy with Realistic Breathing Motion  - 30 cm NA Strawberry Rabbit Medium,CSTE_0543_ST_Animal_Breathing_Strawberry_Rabbit,1
2025-02-01,Fusked Flufies Chimmy Plush Soft Toys for New Born Baby and Baby Boy - Soft and Easy Wash Puppy Plush - Huggable Plush Toys for Girls and Boys - BT21 Soft Toy for Fans and Home Décor,ST-Chimmy bts-yellow,1
2025-02-01,"Fusked Flufies Minecraft Enderman Toy for Kids - Soft Toys for Girls and Boys  - 20 cm Minecraft Enderman, Zombie Black Medium",CSTE_0476_ST_Minecraft_Zombie_Black,1
2025-02-01,Fusked Flufies Minecraft Sword and Pickaxe - Mine craft toys for Kids  - 45 cm Blue Large,CSTE_0502_ST_Minecraft_Pickaxe_Foam,1
2025-02-01,Fusked Flufies Minecraft Sword and Pickaxe for Room Decor and Halloween Decor - Foam Minecraft Pickaxe for Kids and Collectors - Diamond Netherite Toy for Birthday and Role Play (Pickaxe and Sword),CSTE_0502_ST_Minecraft_Pickaxe_Foam,2
2025-02-01,Fusked Harry Potter Dumbledore Magic Wand with Harry Potter Wooden Music Box for Kids Multicolor,Dumbledore_wand_musicbox,1
2025-02-01,"Fusked Harry Potter Light Wand Toy For Kids Gift Harrypotter Accesssories Cosplay Magic Wands Stick(Limited Edition 2024),Multicolor",CSTE_0330_Wands_Harrypotter_Light,1
2025-02-01,"Fusked Harry Potter Light Wand Toy For Kids Gift With Sunglass Harrypotter Accesssories Cosplay Combo Magic Wand Stick(Limited Edition 2024),Multicolor",CSTE_0355_Wands_HP_light_Sg,2
2025-02-01,"Fusked Hermoine Light Wand Toy For Kids Gift With Sunglass Harrypotter Accesssories Cosplay Combo Magic Wand Stick(Limited Edition 2024),Multicolor",Hermoine_light_SG,1
2025-02-01,"Fusked Hermoine Wand Magic Wands Harry Potter Accessories Gift Toys Cosplay Dress Accessories For Kids(Limited Edition 2024),Multicolor",CSTE_0291_OT_Hermoine_wand,3
2025-02-01,"Fusked Premium Minecraft Diamond Foam Sword Small Toy for Kids Durable, Ideal for Cosplay, Role Playing, Halloween Costumes, and Room Decor 23 CM",minecraft_Sward_Small,7
2025-02-01,"Fusked Premium Minecraft Diamond Foam Sword Small Toy for Kids Durable, Ideal for Cosplay, Role Playing, Halloween Costumes, and Room Decor 45 CM",minecraft_Sward_Big,4
2025-02-01,"Fusked Snape Wand Magic Wands Harry Potter Accessories Gift Toys Cosplay Dress Accessories For Kids(Limited Edition 2024),Multicolor",CSTE_0295_OT_Snape_wand,1
2025-02-01,Fusked Thug Life Sunglasses Pixelated Mosaic Glasses Party Glasses MLG Shades (12 Pixels) Made in India (SINGLE),FUSKED-TLSG,2
2025-02-01,Fusked Voldemort Light Wand Toy For Kids Gift Harrypotter Accesssories Cosplay Magic Wand Stick (Limited Edition 2024) - Multicolor,CSTE_0332_Wands_Lord Voldmort_Light,2
2025-02-01,"Fusked Voldemort Wand Magic Wands Harry Potter Accessories Gift Toys Cosplay Dress Accessories Combo For Kids(Limited Edition 2024),Multicolor",CSTE_0293_OT_Voldemort_wand,1
2025-02-01,"Fusked Voldemort Wand Magic Wands Harry Potter Accessories With Sunglass Gift Toys Cosplay Dress Combo For Kids(Limited Edition 2024), Multicolor",CSTE_0343_Wands_Lord Voldmort_Sunglasas,1
2025-02-01,Fusked Wayfarer Sunglasses STANDARD WING SHAPE SUNGLASSES,WING_RED_SG,1
2025-02-01,Fusked elephant soft toy with dress grey  - 20 mm NA Black medium,fusked-elephant-grey-soft toy,3
2025-02-01,"Rudrav (Pack of 3 Refillable Travel Bottles for Toiletries Silicone Container for Cream, Shampoo Hand Wash, Lotion Storage Bottle Travel Accessories Leak Proof (60 ML)",CSTE_O0390_OT_Toiletry_Bottles,4
2025-02-01,"Rudrav Fancy White Faux Fur Mat/Rug for Dogs,Cats,etc | Soft and Big in Size 25x25 Inches | Ticks Free Mat/Rug | Made in India ( White, 25*25 Inches) ",78945615,1
2025-02-01,Rudrav Spectacle  Sunglasses Large B1,thug_thin,1
2025-02-01,Sunglasses,586379476_16,2
2025-02-01,"VAAMnational Classic Vintage Black Edition Wooden ""YOU ARE MY SUNSHINE"" theme song Cranked Collectable Engraved Music Box YOU ARE MY SUNSHINE Beige",Music Box/11,3
2025-02-01,Xexy Stylish Full Rim Sunglasses for Women Fashion - Aesthetic Unisex Sunglasses with Non Polarized Glasses for Men and Women - Trendy Shades for Women with UV Protection,CSTE_0226_SG_Square/Big_Black,1
2025-02-01,caaju Analog Watch  - For Boys & Girls DIGITAL,CJ- BEN 10 GIRLS-BOYS-WATCH-GREEN,1
2025-02-01,caaju wooden music box happy birthday instrument- Multi color NA Multicolor,eitheo_HBD,2
2025-02-02,Fusked Breathing Ottert with Sensory Details with Rhythmic Breathing and Soothing Music  - 30 cm Otter Brown Medium,CSTE_0486_ST_Anim_Breathing_Otter_Brown,2
2025-02-02,Fusked Flufies Blox Fruits Plush Soft Toy for Kids - Soft Pillow for Home Decor  - 13 cm Fruit Blox Light Spirit Medium,CSTE_0491_ST_Fruit_Blox_Spirit,1
2025-02-02,Fusked Harry Potter Dumbledore Magic Wand with Harry Potter Wooden Music Box for Kids Multicolor,Dumbledore_wand_musicbox,1
